{"mean": {"2": 1395.0025813113061, "1": 1194.5719396882187, "3": 1499.4168053244593}, "std": {"2": 708.6910671465337, "1": 695.346221011808, "3": 816.1737191874337}}