{"std": {"1": 413.75689883665837, "2": 372.29594948747206, "3": 492.4925677262782}, "mean": {"1": 717.1964969896004, "2": 848.7186379928315, "3": 950.2040332147094}}