{"std": {"1": 386.7483891206389, "2": 336.2821351372852, "3": 447.66867907375604}, "mean": {"1": 628.7836691410392, "2": 718.4886232163517, "3": 822.814377406932}}